reading, gT00, gT01, gT02, gT03, gT10, gT11, gT12, gT13, gT20, gT21, gT22, gT23, gT30, gT31, gT32, gT33
car_cloud400.csv, 1, 0, 0, 0,   0, 1, 0, 0,   0, 0, 1, 0,   0, 0, 0, 1
car_cloud401.csv, 0.981715, 0.169605, -0.0864239, 0.0614127,   -0.152902, 0.973034, 0.172703, 0.191433,   0.113385, -0.15633, 0.981175, -0.0338571,   0, 0, 0, 1
